{
  "binary": {
    "lda": {
      "train_acc": 0.8555555555555555,
      "test_acc": 0.875,
      "train_f1": 0.8074074074074075,
      "test_f1": 0.8333333333333334,
      "overfitting_gap": -0.019444444444444486
    },
    "logreg": {
      "train_acc": 0.8805555555555555,
      "test_acc": 0.925,
      "train_f1": 0.8458781362007168,
      "test_f1": 0.90625,
      "overfitting_gap": -0.04444444444444451
    },
    "random_forest": {
      "train_acc": 1.0,
      "test_acc": 0.95,
      "train_f1": 1.0,
      "test_f1": 0.9411764705882353,
      "overfitting_gap": 0.050000000000000044
    },
    "mlp": {
      "train_acc": 0.9888888888888889,
      "test_acc": 0.8625,
      "train_f1": 0.9864864864864865,
      "test_f1": 0.8307692307692308,
      "overfitting_gap": 0.12638888888888888
    },
    "fp_optimized_mlp": {
      "train_acc": 0.9583333333333334,
      "test_acc": 0.85,
      "train_f1": 0.9511400651465798,
      "test_f1": 0.8333333333333334,
      "overfitting_gap": 0.10833333333333339
    }
  },
  "multiclass": {
    "lda": {
      "train_acc": 0.6971428571428572,
      "test_acc": 0.7777777777777778,
      "train_f1": 0.45111772063085326,
      "test_f1": 0.5157879602387611,
      "overfitting_gap": -0.08063492063492061
    },
    "logreg": {
      "train_acc": 0.7628571428571429,
      "test_acc": 0.7555555555555555,
      "train_f1": 0.5847717539348644,
      "test_f1": 0.4511902361267152,
      "overfitting_gap": 0.0073015873015873645
    },
    "random_forest": {
      "train_acc": 1.0,
      "test_acc": 0.7444444444444445,
      "train_f1": 1.0,
      "test_f1": 0.41077441077441074,
      "overfitting_gap": 0.25555555555555554
    },
    "mlp": {
      "train_acc": 0.9828571428571429,
      "test_acc": 0.7444444444444445,
      "train_f1": 0.9817723977732388,
      "test_f1": 0.4498027271482649,
      "overfitting_gap": 0.2384126984126984
    },
    "fp_optimized_mlp": {
      "train_acc": 0.8828571428571429,
      "test_acc": 0.7666666666666667,
      "train_f1": 0.823200199801246,
      "test_f1": 0.49371601405499715,
      "overfitting_gap": 0.11619047619047618
    }
  },
  "threshold-2": {
    "lda": {
      "train_acc": 0.9459459459459459,
      "test_acc": 0.95,
      "train_f1": 0.8795180722891566,
      "test_f1": 0.9090909090909091,
      "overfitting_gap": -0.004054054054054013
    },
    "logreg": {
      "train_acc": 0.9594594594594594,
      "test_acc": 0.9625,
      "train_f1": 0.9090909090909091,
      "test_f1": 0.9302325581395349,
      "overfitting_gap": -0.0030405405405405928
    },
    "random_forest": {
      "train_acc": 1.0,
      "test_acc": 0.975,
      "train_f1": 1.0,
      "test_f1": 0.9523809523809523,
      "overfitting_gap": 0.025000000000000022
    },
    "mlp": {
      "train_acc": 1.0,
      "test_acc": 0.9375,
      "train_f1": 1.0,
      "test_f1": 0.8837209302325582,
      "overfitting_gap": 0.0625
    },
    "fp_optimized_mlp": {
      "train_acc": 0.9945945945945946,
      "test_acc": 0.9375,
      "train_f1": 0.9876543209876543,
      "test_f1": 0.8837209302325582,
      "overfitting_gap": 0.05709459459459465
    }
  }
}